"Id";"Designator";"Footprint";"Quantity";"Designation";"Supplier and ref";
1;"TP2,TP1";"TestPoint_Pad_4.0x4.0mm";2;"TestPoint";;;
2;"Y1";"Crystal_SMD_3225-4Pin_3.2x2.5mm";1;"16MHz";C41383241;;
3;"U3";"LGA-14_3x2.5mm_P0.5mm_LayoutBorder3x4y";1;"~";C3288646;;
4;"U2";"LQFP-64_10x10mm_P0.5mm";1;"STM32F401RCT6";C74524;;
5;"U1";"SOIC-14W_7.5x9mm_P1.27mm";1;"LM2574M-3.3";;;
6;"SW3";"CUS-12TB_NDC";1;"SW_SPDT";;;
7;"SW2,SW1";"SW_PUSH_6mm";2;"SW_Push";;;
8;"R13";"R_0402_1005Metric";1;"470";C25117;;
9;"R11,R9";"R_0402_1005Metric";2;"4k7";C105871;;
10;"R10,R8,R6,R4,R2,R1";"R_0402_1005Metric";6;"10k"; C25744;;
11;"R7,R5,R3";"R_0402_1005Metric";3;"1k5"; C25867;;
12;"Q3";"TO-220-3_Vertical";1;"IRF9540N";;;
13;"Q2";"TO-92";1;"2N222A_NPN";;;
14;"Q1";"TO-92";1;"2N2907_PNP";;;
15;"L1";"L_Axial_L5.3mm_D2.2mm_P7.62mm_Horizontal_Vishay_IM-1";1;"330uH";;;
16;"J9";"USB_Micro-B_Amphenol_10118193-0001LF_Horizontal";1;"USB_OTG";C132563;;
17;"J8";"PinHeader_1x04_P2.54mm_Vertical";1;"Conn_01x04_Socket";;;
18;"J3,J2,J7,J1,J5,J4";"PinHeader_1x04_P2.54mm_Vertical";6;"Conn_01x04_Pin";;;
19;"J6";"PinHeader_1x02_P2.54mm_Vertical";1;"Conn_01x02_Pin";;;
20;"D6";"LED_D5.0mm_Clear";1;"GREEN";;;
21;"D5,D3,D2,D1";"D_DO-41_SOD81_P7.62mm_Horizontal";4;"11DQ05";;;
22;"D4";"LED_D5.0mm_Clear";1;"RED";;;
23;"C3,C7";"C_Radial_D5.0mm_H5.0mm_P2.00mm";2;"22uF";;;
24;"C18,C11";"C_0402_1005Metric";2;"4u7";C23733;;
25;"C17,C19,C16,C15,C13,C12,C8,C5";"C_0402_1005Metric";8;"0u1";C60474;;
26;"C20,C6";"C_0402_1005Metric";2;"2u2";C170151;;
27;"C14,C4";"C_0402_1005Metric";2;"10n";C60133;;
28;"C10,C9";"C_0402_1005Metric";2;"10p";C106199;;
29;"C2";"C_Radial_D6.3mm_H11.0mm_P2.50mm";1;"220uF";;;
